Order_ID,Order_Time,Location,Food_Item,Quantity,Order_Value
1,2025-06-13 03:01:00,Coimbatore,Parotta,2,221.86
2,2025-01-27 21:47:00,Chennai,Sandwich,5,428.0
3,2025-01-08 02:13:00,Salem,Pizza,1,529.71
4,2025-06-16 22:34:00,Trichy,Burger,5,323.08
5,2025-01-02 05:44:00,Madurai,Burger,2,277.18
6,2025-03-28 03:05:00,Madurai,Burger,3,560.72
7,2025-01-12 23:29:00,Trichy,Dosa,1,522.99
8,2025-06-10 19:56:00,Salem,Noodles,2,634.34
9,2025-01-12 21:14:00,Chennai,Parotta,2,752.53
10,2025-04-08 08:29:00,Madurai,Fried Rice,2,390.23
11,2025-02-23 21:17:00,Tirunelveli,Fried Rice,1,564.67
12,2025-02-13 17:46:00,Trichy,Pizza,4,317.06
13,2025-06-13 22:35:00,Madurai,Pizza,1,287.21
14,2025-01-09 10:25:00,Coimbatore,Pizza,5,759.75
15,2025-03-22 06:41:00,Tirunelveli,Dosa,4,224.3
16,2025-02-05 07:47:00,Madurai,Idli,5,432.76
17,2025-05-30 12:23:00,Coimbatore,Pizza,5,480.27
18,2025-01-13 03:09:00,Tirunelveli,Fried Rice,4,555.38
19,2025-04-09 12:38:00,Salem,Pasta,3,828.89
20,2025-01-03 21:46:00,Salem,Biryani,3,681.08
21,2025-03-29 03:18:00,Trichy,Burger,1,816.29
22,2025-03-09 16:48:00,Chennai,Biryani,3,734.42
23,2025-05-10 19:12:00,Coimbatore,Biryani,5,816.05
24,2025-05-16 00:38:00,Chennai,Burger,1,798.24
25,2025-03-20 07:03:00,Salem,Pizza,1,182.53
26,2025-05-05 02:48:00,Coimbatore,Dosa,2,601.62
27,2025-05-21 05:16:00,Salem,Dosa,4,823.98
28,2025-05-19 23:44:00,Madurai,Pizza,4,846.46
29,2025-06-16 11:28:00,Trichy,Sandwich,1,300.97
30,2025-01-17 10:01:00,Coimbatore,Idli,5,280.76
31,2025-01-19 22:40:00,Chennai,Biryani,1,747.53
32,2025-01-19 16:15:00,Trichy,Pizza,2,513.64
33,2025-05-27 18:30:00,Trichy,Pizza,4,259.0
34,2025-01-25 21:27:00,Trichy,Burger,4,750.6
35,2025-01-14 21:41:00,Chennai,Pasta,1,413.91
36,2025-03-28 03:15:00,Salem,Pizza,4,222.33
37,2025-02-16 08:29:00,Chennai,Pizza,4,709.86
38,2025-05-21 03:03:00,Salem,Fried Rice,1,827.37
39,2025-03-02 05:26:00,Coimbatore,Dosa,4,778.78
40,2025-02-12 12:00:00,Madurai,Pasta,4,328.23
41,2025-06-28 23:50:00,Tirunelveli,Idli,4,233.0
42,2025-03-17 06:03:00,Salem,Idli,1,666.02
43,2025-01-15 01:37:00,Salem,Dosa,2,161.52
44,2025-05-11 02:54:00,Salem,Pizza,1,612.91
45,2025-03-02 12:07:00,Salem,Pasta,2,542.61
46,2025-01-11 19:05:00,Salem,Burger,5,501.63
47,2025-03-08 06:42:00,Coimbatore,Fried Rice,3,408.92
48,2025-06-21 20:19:00,Chennai,Dosa,1,454.55
49,2025-05-25 03:04:00,Salem,Dosa,3,216.69
50,2025-03-31 02:56:00,Madurai,Pizza,2,439.87
51,2025-05-20 22:19:00,Tirunelveli,Idli,5,125.71
52,2025-05-22 09:59:00,Coimbatore,Fried Rice,3,204.26
53,2025-01-28 23:35:00,Madurai,Biryani,5,273.76
54,2025-03-29 06:43:00,Madurai,Fried Rice,5,476.63
55,2025-01-14 02:40:00,Madurai,Burger,1,122.59
56,2025-02-03 20:16:00,Trichy,Biryani,5,635.14
57,2025-05-24 00:07:00,Tirunelveli,Biryani,2,518.28
58,2025-04-05 18:35:00,Coimbatore,Biryani,1,345.03
59,2025-01-11 11:13:00,Tirunelveli,Fried Rice,1,378.19
60,2025-05-24 13:39:00,Coimbatore,Parotta,2,832.63
61,2025-02-15 13:01:00,Madurai,Biryani,4,705.63
62,2025-03-05 08:10:00,Chennai,Parotta,4,756.68
63,2025-05-01 07:12:00,Trichy,Noodles,3,342.79
64,2025-02-28 07:01:00,Trichy,Fried Rice,3,323.38
65,2025-01-18 08:22:00,Trichy,Fried Rice,5,361.74
66,2025-01-08 03:56:00,Coimbatore,Pasta,5,822.65
67,2025-03-09 01:06:00,Madurai,Idli,3,438.57
68,2025-05-11 03:24:00,Coimbatore,Sandwich,3,152.4
69,2025-04-22 00:33:00,Salem,Sandwich,2,385.88
70,2025-01-18 21:58:00,Madurai,Burger,1,645.42
71,2025-03-18 16:19:00,Madurai,Fried Rice,4,628.96
72,2025-05-22 04:12:00,Trichy,Burger,2,569.33
73,2025-03-19 12:35:00,Madurai,Noodles,3,273.43
74,2025-05-29 19:41:00,Trichy,Burger,4,613.21
75,2025-05-11 15:50:00,Tirunelveli,Sandwich,2,600.96
76,2025-03-14 16:42:00,Madurai,Fried Rice,1,717.45
77,2025-03-02 21:19:00,Coimbatore,Pizza,2,137.83
78,2025-03-04 15:39:00,Chennai,Noodles,4,422.54
79,2025-06-11 18:12:00,Trichy,Fried Rice,4,411.75
80,2025-02-07 20:44:00,Chennai,Biryani,4,279.75
81,2025-06-28 16:29:00,Coimbatore,Biryani,1,453.22
82,2025-04-29 21:33:00,Salem,Pasta,3,813.53
83,2025-04-24 19:52:00,Salem,Fried Rice,4,726.32
84,2025-05-21 14:57:00,Trichy,Biryani,4,309.21
85,2025-03-05 20:17:00,Salem,Parotta,4,577.53
86,2025-03-12 14:04:00,Coimbatore,Fried Rice,3,365.17
87,2025-05-19 02:08:00,Trichy,Biryani,2,635.69
88,2025-01-17 13:26:00,Trichy,Burger,4,165.45
89,2025-04-18 12:57:00,Tirunelveli,Parotta,1,745.41
90,2025-05-28 12:30:00,Madurai,Biryani,3,670.04
91,2025-04-18 17:47:00,Salem,Parotta,2,476.41
92,2025-03-11 13:31:00,Madurai,Biryani,4,648.65
93,2025-04-30 04:39:00,Trichy,Dosa,5,532.01
94,2025-01-07 02:41:00,Trichy,Burger,2,156.71
95,2025-04-08 10:13:00,Madurai,Dosa,4,323.13
96,2025-04-18 08:53:00,Chennai,Biryani,5,158.02
97,2025-03-31 07:41:00,Tirunelveli,Biryani,1,670.59
98,2025-03-05 06:53:00,Coimbatore,Biryani,2,212.14
99,2025-06-21 03:36:00,Trichy,Pasta,3,679.84
100,2025-02-12 19:38:00,Tirunelveli,Pasta,1,687.79
101,2025-02-11 09:06:00,Madurai,Idli,5,614.46
102,2025-04-07 12:45:00,Salem,Pizza,2,194.39
103,2025-03-19 21:38:00,Salem,Parotta,1,373.46
104,2025-04-20 21:23:00,Tirunelveli,Biryani,3,129.24
105,2025-04-18 15:06:00,Madurai,Burger,4,636.34
106,2025-04-22 05:46:00,Tirunelveli,Dosa,3,569.62
107,2025-05-18 15:29:00,Tirunelveli,Burger,5,315.93
108,2025-03-04 02:17:00,Coimbatore,Sandwich,4,535.99
109,2025-06-21 12:21:00,Madurai,Biryani,2,475.91
110,2025-04-01 08:21:00,Salem,Pizza,3,525.73
111,2025-05-13 06:05:00,Trichy,Pizza,4,525.28
112,2025-03-03 22:30:00,Trichy,Fried Rice,4,698.84
113,2025-01-24 09:14:00,Coimbatore,Burger,3,604.69
114,2025-04-05 15:35:00,Trichy,Dosa,5,361.48
115,2025-06-29 14:17:00,Coimbatore,Pizza,1,646.54
116,2025-03-22 03:47:00,Tirunelveli,Dosa,2,259.82
117,2025-05-04 08:46:00,Salem,Idli,5,326.59
118,2025-01-26 06:18:00,Coimbatore,Pizza,3,130.33
119,2025-05-17 04:17:00,Chennai,Biryani,5,333.26
120,2025-02-02 20:55:00,Chennai,Parotta,1,539.07
121,2025-05-01 15:28:00,Chennai,Burger,3,806.98
122,2025-05-03 03:52:00,Trichy,Biryani,1,541.23
123,2025-06-25 01:09:00,Salem,Biryani,3,182.18
124,2025-03-05 03:35:00,Salem,Parotta,5,697.24
125,2025-02-27 16:24:00,Trichy,Dosa,3,747.92
126,2025-04-20 09:36:00,Salem,Fried Rice,1,811.74
127,2025-02-23 20:13:00,Chennai,Pizza,2,295.1
128,2025-05-22 02:10:00,Trichy,Biryani,5,463.04
129,2025-01-09 07:18:00,Tirunelveli,Fried Rice,4,171.96
130,2025-03-01 08:50:00,Salem,Parotta,2,430.35
131,2025-05-20 07:41:00,Madurai,Biryani,2,172.13
132,2025-02-12 09:38:00,Salem,Parotta,3,440.58
133,2025-04-30 22:19:00,Madurai,Fried Rice,5,514.19
134,2025-04-23 02:38:00,Trichy,Biryani,3,560.71
135,2025-01-07 02:14:00,Salem,Pasta,5,814.07
136,2025-06-22 08:36:00,Coimbatore,Biryani,4,498.84
137,2025-04-24 08:11:00,Trichy,Pasta,4,827.41
138,2025-05-01 11:26:00,Tirunelveli,Burger,1,746.15
139,2025-03-26 13:44:00,Tirunelveli,Dosa,4,713.9
140,2025-05-21 01:29:00,Madurai,Biryani,3,204.62
141,2025-04-14 16:52:00,Tirunelveli,Pasta,5,457.24
142,2025-01-14 06:33:00,Trichy,Burger,4,674.79
143,2025-02-22 08:35:00,Madurai,Biryani,4,763.02
144,2025-05-05 03:01:00,Salem,Pasta,2,638.14
145,2025-03-21 17:00:00,Chennai,Idli,2,844.35
146,2025-01-30 14:07:00,Coimbatore,Fried Rice,4,800.84
147,2025-03-16 16:45:00,Trichy,Pizza,4,297.92
148,2025-05-22 04:24:00,Salem,Pizza,5,664.79
149,2025-02-04 02:17:00,Trichy,Parotta,3,802.0
150,2025-05-10 08:52:00,Tirunelveli,Biryani,3,731.36
151,2025-05-29 21:31:00,Trichy,Noodles,5,473.57
152,2025-03-27 17:48:00,Trichy,Idli,3,754.81
153,2025-06-28 07:36:00,Trichy,Burger,1,352.27
154,2025-05-02 22:58:00,Trichy,Noodles,2,481.59
155,2025-01-10 04:32:00,Madurai,Pasta,1,758.16
156,2025-04-23 03:33:00,Chennai,Sandwich,2,419.28
157,2025-06-17 04:04:00,Madurai,Dosa,3,574.98
158,2025-04-12 20:05:00,Tirunelveli,Noodles,5,397.41
159,2025-03-23 20:45:00,Trichy,Sandwich,5,146.21
160,2025-01-18 07:40:00,Madurai,Fried Rice,2,665.14
161,2025-04-22 03:48:00,Chennai,Fried Rice,4,241.45
162,2025-03-18 00:02:00,Chennai,Burger,3,381.68
163,2025-04-21 04:15:00,Salem,Dosa,2,244.09
164,2025-01-21 19:55:00,Tirunelveli,Burger,2,483.3
165,2025-05-30 04:14:00,Madurai,Dosa,4,306.39
166,2025-01-03 14:57:00,Salem,Pizza,2,173.92
167,2025-03-30 18:19:00,Trichy,Fried Rice,3,453.49
168,2025-03-19 06:24:00,Chennai,Noodles,2,398.4
169,2025-04-02 18:18:00,Madurai,Pasta,1,833.9
170,2025-06-18 12:17:00,Tirunelveli,Biryani,1,784.75
171,2025-05-08 09:49:00,Salem,Parotta,3,279.87
172,2025-02-18 19:16:00,Tirunelveli,Fried Rice,2,578.62
173,2025-06-10 20:02:00,Trichy,Pizza,1,543.09
174,2025-02-03 02:58:00,Tirunelveli,Pizza,4,248.22
175,2025-02-03 17:56:00,Salem,Pasta,5,786.85
176,2025-02-12 08:58:00,Trichy,Noodles,3,664.99
177,2025-03-28 03:29:00,Coimbatore,Pasta,2,747.9
178,2025-06-22 12:54:00,Madurai,Parotta,1,697.2
179,2025-01-04 08:34:00,Madurai,Biryani,3,546.73
180,2025-06-13 11:06:00,Trichy,Fried Rice,1,572.27
181,2025-05-24 10:58:00,Tirunelveli,Idli,1,583.84
182,2025-04-29 22:19:00,Chennai,Fried Rice,2,153.1
183,2025-01-10 09:31:00,Coimbatore,Biryani,5,219.03
184,2025-04-27 11:42:00,Tirunelveli,Pasta,5,425.96
185,2025-02-09 13:41:00,Trichy,Biryani,5,417.92
186,2025-03-13 01:44:00,Trichy,Burger,4,813.91
187,2025-04-03 03:43:00,Tirunelveli,Burger,3,164.2
188,2025-03-12 06:07:00,Trichy,Pasta,1,603.82
189,2025-06-14 20:38:00,Chennai,Pasta,3,297.81
190,2025-02-02 18:13:00,Salem,Biryani,2,548.06
191,2025-03-01 10:49:00,Salem,Biryani,1,322.41
192,2025-02-07 04:34:00,Coimbatore,Pizza,1,602.57
193,2025-01-07 04:00:00,Coimbatore,Burger,5,356.35
194,2025-02-14 08:03:00,Trichy,Biryani,5,202.96
195,2025-01-17 15:28:00,Salem,Parotta,5,199.61
196,2025-05-09 07:39:00,Tirunelveli,Biryani,5,340.19
197,2025-06-14 00:03:00,Trichy,Pasta,4,620.85
198,2025-05-06 22:58:00,Chennai,Dosa,3,564.06
199,2025-01-17 04:17:00,Salem,Fried Rice,5,639.87
200,2025-04-08 19:33:00,Salem,Pizza,5,434.05
201,2025-06-29 03:54:00,Salem,Fried Rice,2,433.95
202,2025-02-28 13:21:00,Trichy,Noodles,4,652.62
203,2025-03-22 13:20:00,Madurai,Fried Rice,2,621.38
204,2025-05-02 02:05:00,Chennai,Noodles,4,190.49
205,2025-04-06 04:35:00,Salem,Biryani,5,360.64
206,2025-02-01 13:22:00,Trichy,Noodles,1,826.93
207,2025-06-03 09:22:00,Salem,Biryani,2,232.95
208,2025-05-04 07:54:00,Salem,Biryani,3,203.87
209,2025-03-13 18:14:00,Salem,Parotta,5,567.91
210,2025-06-14 17:01:00,Tirunelveli,Idli,3,141.14
211,2025-03-11 22:48:00,Madurai,Pizza,3,124.46
212,2025-02-06 18:42:00,Coimbatore,Burger,1,186.98
213,2025-05-16 06:24:00,Madurai,Burger,2,390.14
214,2025-03-25 18:38:00,Chennai,Biryani,2,234.91
215,2025-06-08 01:43:00,Trichy,Biryani,4,474.53
216,2025-04-24 13:17:00,Salem,Pizza,1,371.98
217,2025-01-29 09:43:00,Trichy,Fried Rice,5,607.01
218,2025-01-12 07:25:00,Chennai,Pasta,1,269.23
219,2025-02-24 04:48:00,Madurai,Pizza,1,125.64
220,2025-04-21 05:08:00,Tirunelveli,Burger,2,485.19
221,2025-06-21 11:04:00,Tirunelveli,Burger,1,438.44
222,2025-04-28 02:55:00,Trichy,Pizza,5,415.23
223,2025-06-13 13:18:00,Chennai,Biryani,3,245.47
224,2025-06-08 14:53:00,Madurai,Fried Rice,1,438.8
225,2025-01-28 07:27:00,Salem,Idli,1,408.91
226,2025-03-21 23:21:00,Coimbatore,Pizza,1,492.65
227,2025-01-30 16:32:00,Madurai,Pizza,3,650.99
228,2025-06-15 04:15:00,Madurai,Biryani,2,246.65
229,2025-02-09 20:04:00,Tirunelveli,Biryani,4,458.69
230,2025-05-25 18:28:00,Salem,Fried Rice,5,355.94
231,2025-06-10 10:09:00,Trichy,Burger,4,580.91
232,2025-03-12 18:03:00,Chennai,Burger,3,457.07
233,2025-01-10 01:23:00,Chennai,Noodles,1,568.96
234,2025-05-10 12:29:00,Tirunelveli,Idli,1,448.31
235,2025-05-27 20:12:00,Trichy,Burger,5,230.13
236,2025-01-16 14:06:00,Madurai,Noodles,1,488.32
237,2025-02-14 01:15:00,Trichy,Fried Rice,5,501.61
238,2025-02-10 11:23:00,Trichy,Sandwich,4,685.36
239,2025-06-23 19:03:00,Tirunelveli,Parotta,3,168.12
240,2025-01-25 17:43:00,Madurai,Burger,5,757.49
241,2025-03-27 02:37:00,Madurai,Fried Rice,3,826.42
242,2025-06-28 21:25:00,Tirunelveli,Biryani,1,345.99
243,2025-04-07 20:50:00,Coimbatore,Burger,5,188.22
244,2025-06-21 13:32:00,Madurai,Burger,3,251.59
245,2025-02-24 10:49:00,Coimbatore,Dosa,2,233.11
246,2025-03-17 03:32:00,Tirunelveli,Parotta,5,147.56
247,2025-03-28 19:08:00,Coimbatore,Idli,2,252.02
248,2025-06-27 19:51:00,Tirunelveli,Sandwich,4,151.9
249,2025-04-04 21:46:00,Trichy,Pizza,5,328.0
250,2025-04-25 07:34:00,Trichy,Pizza,2,388.52
251,2025-05-27 14:29:00,Trichy,Parotta,5,505.05
252,2025-02-11 06:51:00,Madurai,Idli,1,588.06
253,2025-04-06 17:59:00,Salem,Biryani,1,328.1
254,2025-02-11 08:28:00,Coimbatore,Sandwich,4,186.95
255,2025-02-26 14:56:00,Chennai,Burger,4,158.88
256,2025-05-09 11:15:00,Chennai,Burger,3,283.91
257,2025-03-23 03:53:00,Madurai,Fried Rice,2,220.45
258,2025-03-15 15:44:00,Tirunelveli,Noodles,4,447.48
259,2025-01-02 02:01:00,Coimbatore,Pizza,5,806.36
260,2025-06-05 16:27:00,Madurai,Biryani,2,339.84
261,2025-01-13 07:26:00,Salem,Fried Rice,4,165.85
262,2025-05-08 19:34:00,Salem,Biryani,5,296.61
263,2025-02-06 09:27:00,Madurai,Biryani,2,536.58
264,2025-02-17 21:42:00,Madurai,Biryani,1,815.98
265,2025-05-20 16:50:00,Salem,Pasta,1,405.03
266,2025-05-01 01:40:00,Madurai,Burger,3,665.54
267,2025-04-02 02:22:00,Tirunelveli,Pizza,1,683.2
268,2025-03-27 04:02:00,Madurai,Burger,2,726.18
269,2025-06-25 14:44:00,Coimbatore,Dosa,2,166.06
270,2025-04-28 01:18:00,Coimbatore,Pizza,1,350.38
271,2025-03-21 16:25:00,Salem,Pasta,4,304.92
272,2025-06-15 06:18:00,Chennai,Burger,3,319.45
273,2025-04-05 13:56:00,Trichy,Burger,4,367.5
274,2025-02-17 15:44:00,Salem,Dosa,3,704.84
275,2025-04-19 02:27:00,Coimbatore,Idli,5,334.45
276,2025-01-27 02:20:00,Madurai,Fried Rice,4,559.91
277,2025-04-20 05:44:00,Trichy,Dosa,1,650.57
278,2025-04-01 19:27:00,Chennai,Pizza,1,609.96
279,2025-04-14 11:32:00,Tirunelveli,Parotta,2,815.54
280,2025-02-06 19:43:00,Chennai,Parotta,2,169.08
281,2025-06-15 11:23:00,Salem,Burger,1,561.72
282,2025-06-23 14:23:00,Chennai,Burger,5,220.52
283,2025-04-04 12:20:00,Coimbatore,Fried Rice,1,138.92
284,2025-02-17 15:33:00,Salem,Burger,1,311.1
285,2025-03-08 22:28:00,Salem,Pizza,3,626.61
286,2025-05-06 06:07:00,Chennai,Biryani,4,246.04
287,2025-04-24 02:51:00,Madurai,Fried Rice,3,637.96
288,2025-05-21 17:18:00,Coimbatore,Sandwich,2,699.4
289,2025-05-11 07:07:00,Coimbatore,Pasta,2,696.97
290,2025-01-07 11:35:00,Trichy,Idli,5,214.73
291,2025-01-23 02:19:00,Tirunelveli,Burger,4,503.76
292,2025-04-15 18:04:00,Madurai,Biryani,1,448.48
293,2025-06-24 16:22:00,Salem,Biryani,5,252.83
294,2025-02-03 13:32:00,Chennai,Sandwich,1,498.21
295,2025-03-19 05:10:00,Tirunelveli,Burger,2,372.6
296,2025-05-13 09:54:00,Coimbatore,Biryani,5,320.35
297,2025-06-10 09:39:00,Salem,Dosa,2,552.02
298,2025-05-29 04:10:00,Tirunelveli,Fried Rice,5,366.46
299,2025-05-25 01:52:00,Chennai,Noodles,1,812.44
300,2025-05-28 08:41:00,Salem,Pizza,4,571.22
301,2025-01-08 15:56:00,Madurai,Fried Rice,3,472.55
302,2025-06-25 12:19:00,Tirunelveli,Dosa,1,235.4
303,2025-04-17 15:29:00,Salem,Pizza,2,348.19
304,2025-03-23 23:55:00,Trichy,Burger,2,675.29
305,2025-05-12 17:06:00,Trichy,Pizza,1,315.25
306,2025-03-05 04:06:00,Trichy,Biryani,5,425.24
307,2025-02-10 10:59:00,Madurai,Idli,2,677.08
308,2025-05-08 16:29:00,Madurai,Dosa,4,136.92
309,2025-04-11 16:29:00,Coimbatore,Pasta,5,377.61
310,2025-01-13 09:31:00,Tirunelveli,Idli,4,328.6
311,2025-01-03 03:27:00,Madurai,Biryani,3,677.62
312,2025-04-04 01:25:00,Salem,Biryani,2,384.64
313,2025-03-15 02:24:00,Salem,Dosa,3,722.48
314,2025-06-09 21:39:00,Chennai,Biryani,4,392.43
315,2025-03-28 17:23:00,Coimbatore,Parotta,5,491.66
316,2025-05-09 01:02:00,Tirunelveli,Biryani,3,706.9
317,2025-05-13 14:09:00,Salem,Idli,2,359.42
318,2025-06-06 10:10:00,Salem,Burger,3,553.42
319,2025-05-10 16:34:00,Salem,Dosa,3,466.67
320,2025-01-05 11:21:00,Trichy,Fried Rice,5,344.6
321,2025-06-26 20:01:00,Madurai,Idli,5,541.67
322,2025-01-14 18:30:00,Tirunelveli,Biryani,5,685.46
323,2025-04-08 04:52:00,Chennai,Fried Rice,5,812.19
324,2025-01-29 06:01:00,Trichy,Dosa,2,421.46
325,2025-02-22 13:32:00,Trichy,Parotta,1,635.22
326,2025-05-13 06:35:00,Tirunelveli,Burger,4,503.6
327,2025-03-22 05:29:00,Madurai,Sandwich,5,378.63
328,2025-06-24 20:51:00,Salem,Fried Rice,4,260.35
329,2025-03-05 08:35:00,Madurai,Pizza,3,634.58
330,2025-06-26 22:31:00,Madurai,Pizza,5,801.6
331,2025-03-12 09:07:00,Salem,Idli,4,773.91
332,2025-04-12 11:49:00,Madurai,Parotta,1,329.97
333,2025-01-21 11:59:00,Madurai,Dosa,4,276.21
334,2025-05-18 08:59:00,Madurai,Idli,2,199.74
335,2025-05-31 07:15:00,Salem,Biryani,2,585.7
336,2025-01-14 03:26:00,Trichy,Burger,1,617.27
337,2025-02-05 00:35:00,Coimbatore,Pasta,4,596.61
338,2025-05-02 15:41:00,Madurai,Pizza,3,328.35
339,2025-01-16 02:41:00,Salem,Idli,1,786.66
340,2025-02-14 13:56:00,Chennai,Noodles,4,695.21
341,2025-02-17 23:55:00,Chennai,Sandwich,1,337.83
342,2025-06-04 03:59:00,Madurai,Pasta,4,842.04
343,2025-05-20 16:31:00,Coimbatore,Sandwich,5,461.66
344,2025-02-19 03:21:00,Trichy,Biryani,3,644.58
345,2025-01-04 23:21:00,Salem,Parotta,2,248.11
346,2025-06-13 12:52:00,Madurai,Burger,1,412.61
347,2025-01-25 05:08:00,Coimbatore,Dosa,1,310.37
348,2025-03-02 14:48:00,Madurai,Pizza,3,545.2
349,2025-05-27 00:16:00,Tirunelveli,Fried Rice,2,165.35
350,2025-01-31 14:19:00,Tirunelveli,Biryani,5,793.87
351,2025-06-30 09:44:00,Madurai,Biryani,3,568.68
352,2025-02-26 04:30:00,Tirunelveli,Biryani,5,392.75
353,2025-06-29 17:58:00,Salem,Dosa,2,676.16
354,2025-06-24 19:55:00,Salem,Parotta,4,505.57
355,2025-04-03 02:58:00,Chennai,Idli,5,779.11
356,2025-02-21 18:34:00,Madurai,Biryani,5,442.54
357,2025-06-24 06:45:00,Chennai,Idli,5,445.2
358,2025-01-15 14:08:00,Trichy,Dosa,5,162.15
359,2025-04-29 21:51:00,Chennai,Pizza,4,305.75
360,2025-01-01 23:13:00,Chennai,Idli,4,371.51
361,2025-01-17 17:03:00,Chennai,Sandwich,4,143.17
362,2025-04-15 05:49:00,Tirunelveli,Biryani,4,393.36
363,2025-04-08 14:55:00,Trichy,Sandwich,4,178.58
364,2025-06-19 17:08:00,Madurai,Fried Rice,1,250.29
365,2025-05-18 12:33:00,Coimbatore,Biryani,1,672.01
366,2025-03-18 14:43:00,Trichy,Fried Rice,5,396.87
367,2025-02-28 07:29:00,Madurai,Burger,2,804.31
368,2025-01-29 01:51:00,Salem,Fried Rice,1,295.69
369,2025-01-18 03:38:00,Salem,Biryani,1,298.66
370,2025-01-12 12:28:00,Coimbatore,Pizza,1,222.3
371,2025-03-16 07:52:00,Salem,Sandwich,3,541.56
372,2025-06-22 10:15:00,Coimbatore,Pizza,5,281.36
373,2025-03-18 08:03:00,Salem,Idli,2,576.97
374,2025-04-20 17:31:00,Madurai,Biryani,4,693.64
375,2025-03-23 22:26:00,Madurai,Burger,4,254.23
376,2025-05-18 15:15:00,Madurai,Noodles,2,708.22
377,2025-01-15 17:26:00,Salem,Pasta,5,217.89
378,2025-03-04 08:13:00,Chennai,Burger,4,738.41
379,2025-01-24 17:46:00,Chennai,Noodles,3,395.33
380,2025-06-04 19:02:00,Coimbatore,Noodles,5,648.74
381,2025-05-24 06:30:00,Madurai,Pizza,3,818.62
382,2025-01-04 06:59:00,Tirunelveli,Pizza,1,665.22
383,2025-05-03 07:44:00,Coimbatore,Idli,4,788.04
384,2025-05-22 10:49:00,Trichy,Pizza,5,593.57
385,2025-03-20 08:23:00,Trichy,Dosa,4,191.98
386,2025-05-01 10:58:00,Madurai,Pizza,4,153.37
387,2025-02-26 23:09:00,Salem,Biryani,5,542.77
388,2025-04-17 09:09:00,Coimbatore,Pizza,4,535.95
389,2025-03-04 15:35:00,Tirunelveli,Fried Rice,3,307.85
390,2025-05-06 23:41:00,Trichy,Parotta,2,654.92
391,2025-04-01 05:08:00,Trichy,Parotta,2,789.34
392,2025-05-19 20:03:00,Chennai,Dosa,1,677.97
393,2025-04-16 04:53:00,Chennai,Fried Rice,2,126.67
394,2025-05-10 14:23:00,Tirunelveli,Biryani,5,786.31
395,2025-06-18 15:01:00,Salem,Biryani,4,128.65
396,2025-05-16 23:17:00,Madurai,Dosa,1,486.62
397,2025-06-28 21:27:00,Coimbatore,Parotta,1,790.18
398,2025-05-15 04:15:00,Salem,Pizza,3,715.11
399,2025-03-10 12:05:00,Trichy,Burger,4,532.45
400,2025-06-28 07:19:00,Chennai,Fried Rice,1,188.26
401,2025-04-08 12:35:00,Tirunelveli,Dosa,1,633.08
402,2025-01-22 15:54:00,Madurai,Burger,5,833.45
403,2025-01-25 16:58:00,Coimbatore,Biryani,5,467.12
404,2025-01-12 02:43:00,Salem,Sandwich,5,600.42
405,2025-02-15 10:01:00,Salem,Pasta,2,669.15
406,2025-04-12 02:19:00,Coimbatore,Biryani,5,729.29
407,2025-04-10 21:57:00,Trichy,Idli,2,697.06
408,2025-06-26 23:05:00,Madurai,Dosa,1,191.31
409,2025-03-01 02:21:00,Salem,Idli,5,409.59
410,2025-03-25 00:40:00,Trichy,Pizza,4,286.54
411,2025-05-22 12:27:00,Salem,Pizza,4,182.56
412,2025-06-08 09:51:00,Chennai,Pizza,1,315.62
413,2025-04-08 22:50:00,Tirunelveli,Fried Rice,4,351.18
414,2025-01-28 02:00:00,Trichy,Pasta,3,675.78
415,2025-01-27 04:05:00,Trichy,Pizza,5,524.96
416,2025-04-15 03:01:00,Salem,Biryani,1,555.75
417,2025-03-25 12:00:00,Trichy,Pizza,1,649.14
418,2025-05-24 07:36:00,Tirunelveli,Dosa,4,243.74
419,2025-03-10 09:17:00,Chennai,Dosa,2,437.31
420,2025-04-18 09:30:00,Madurai,Parotta,3,809.28
421,2025-06-10 15:38:00,Trichy,Idli,1,218.91
422,2025-01-02 12:21:00,Trichy,Noodles,3,441.36
423,2025-04-21 20:38:00,Madurai,Biryani,5,811.51
424,2025-02-21 15:20:00,Trichy,Biryani,3,332.76
425,2025-06-27 20:31:00,Coimbatore,Pasta,3,394.52
426,2025-04-11 11:07:00,Coimbatore,Sandwich,5,848.0
427,2025-02-16 21:49:00,Tirunelveli,Idli,4,808.37
428,2025-02-23 14:51:00,Tirunelveli,Pizza,1,717.84
429,2025-04-15 21:31:00,Madurai,Biryani,2,304.46
430,2025-02-09 22:27:00,Chennai,Parotta,4,843.21
431,2025-05-03 18:25:00,Tirunelveli,Dosa,4,516.86
432,2025-04-03 22:57:00,Salem,Noodles,1,199.84
433,2025-03-05 21:42:00,Tirunelveli,Burger,5,152.34
434,2025-06-15 21:41:00,Madurai,Burger,4,197.34
435,2025-01-26 08:14:00,Salem,Dosa,5,543.78
436,2025-05-28 07:28:00,Trichy,Burger,5,624.02
437,2025-02-08 11:01:00,Madurai,Dosa,4,792.0
438,2025-01-22 03:53:00,Coimbatore,Pasta,3,347.68
439,2025-04-27 06:33:00,Trichy,Dosa,1,439.86
440,2025-06-28 14:20:00,Chennai,Biryani,1,136.49
441,2025-03-29 20:06:00,Coimbatore,Fried Rice,2,496.68
442,2025-05-22 05:21:00,Trichy,Idli,2,702.36
443,2025-06-11 05:11:00,Trichy,Fried Rice,4,141.31
444,2025-06-07 06:28:00,Trichy,Idli,1,634.46
445,2025-02-22 08:48:00,Chennai,Fried Rice,5,194.28
446,2025-05-18 05:23:00,Trichy,Burger,1,311.52
447,2025-05-06 16:40:00,Trichy,Pizza,5,406.56
448,2025-01-30 11:22:00,Salem,Noodles,2,714.03
449,2025-06-30 09:58:00,Chennai,Idli,2,348.63
450,2025-03-03 09:07:00,Tirunelveli,Pizza,2,492.9
451,2025-04-18 19:08:00,Trichy,Idli,2,475.27
452,2025-05-18 22:58:00,Coimbatore,Fried Rice,5,241.81
453,2025-03-15 04:11:00,Trichy,Pizza,5,159.14
454,2025-04-02 00:31:00,Trichy,Biryani,5,488.97
455,2025-05-07 13:43:00,Tirunelveli,Dosa,4,476.75
456,2025-01-22 18:01:00,Coimbatore,Parotta,3,143.87
457,2025-02-27 17:18:00,Trichy,Biryani,5,662.04
458,2025-05-07 17:32:00,Chennai,Biryani,3,685.83
459,2025-04-04 17:52:00,Tirunelveli,Parotta,4,518.84
460,2025-04-19 03:47:00,Coimbatore,Noodles,3,758.61
461,2025-01-09 14:16:00,Chennai,Burger,4,751.66
462,2025-01-31 07:13:00,Salem,Noodles,3,748.57
463,2025-06-06 20:27:00,Coimbatore,Biryani,2,713.88
464,2025-01-16 18:22:00,Salem,Dosa,5,242.92
465,2025-06-30 09:18:00,Salem,Idli,1,218.98
466,2025-04-16 01:17:00,Coimbatore,Noodles,2,302.26
467,2025-03-24 07:48:00,Trichy,Noodles,4,223.79
468,2025-06-11 08:40:00,Trichy,Burger,1,582.55
469,2025-01-24 12:32:00,Tirunelveli,Parotta,3,451.93
470,2025-05-05 10:37:00,Tirunelveli,Biryani,1,653.58
471,2025-04-28 20:42:00,Chennai,Fried Rice,5,410.33
472,2025-04-20 06:31:00,Madurai,Pizza,3,519.54
473,2025-02-03 18:54:00,Madurai,Dosa,1,153.54
474,2025-06-10 14:01:00,Coimbatore,Biryani,4,453.26
475,2025-04-20 06:44:00,Tirunelveli,Sandwich,3,236.05
476,2025-03-12 02:41:00,Chennai,Burger,3,605.09
477,2025-06-16 05:03:00,Madurai,Burger,2,433.34
478,2025-01-24 22:06:00,Trichy,Biryani,1,216.87
479,2025-02-27 16:43:00,Chennai,Dosa,3,716.49
480,2025-04-19 22:08:00,Coimbatore,Dosa,4,185.21
481,2025-01-27 03:20:00,Madurai,Burger,2,399.39
482,2025-02-04 20:43:00,Salem,Biryani,5,126.19
483,2025-06-16 05:28:00,Coimbatore,Burger,2,791.52
484,2025-06-07 21:28:00,Chennai,Noodles,1,222.21
485,2025-02-01 18:46:00,Trichy,Burger,3,697.49
486,2025-03-05 08:41:00,Salem,Biryani,5,558.01
487,2025-06-05 09:49:00,Chennai,Pasta,3,269.98
488,2025-06-05 16:12:00,Madurai,Parotta,1,692.18
489,2025-03-03 15:24:00,Trichy,Biryani,5,171.84
490,2025-01-04 11:59:00,Trichy,Pizza,5,427.23
491,2025-05-20 21:11:00,Chennai,Parotta,1,548.78
492,2025-01-04 08:13:00,Chennai,Biryani,4,489.83
493,2025-06-10 22:32:00,Trichy,Parotta,4,180.17
494,2025-05-18 17:39:00,Chennai,Biryani,3,177.69
495,2025-02-22 04:34:00,Salem,Burger,1,346.42
496,2025-04-22 23:54:00,Coimbatore,Pizza,1,794.98
497,2025-01-30 14:39:00,Madurai,Idli,2,207.19
498,2025-02-05 22:00:00,Madurai,Biryani,5,497.57
499,2025-03-08 05:23:00,Madurai,Biryani,1,683.14
500,2025-01-08 10:51:00,Salem,Burger,1,311.95
501,2025-05-28 20:04:00,Salem,Dosa,3,160.47
502,2025-05-26 05:23:00,Chennai,Biryani,5,612.11
503,2025-01-30 07:47:00,Chennai,Dosa,1,298.52
504,2025-05-01 11:24:00,Coimbatore,Sandwich,1,523.59
505,2025-06-17 13:14:00,Trichy,Burger,3,318.02
506,2025-01-20 18:23:00,Tirunelveli,Biryani,1,250.92
507,2025-05-13 01:25:00,Trichy,Biryani,3,684.68
508,2025-03-21 10:05:00,Chennai,Idli,3,266.49
509,2025-05-25 09:47:00,Trichy,Fried Rice,3,551.93
510,2025-05-07 06:46:00,Coimbatore,Sandwich,2,124.66
511,2025-04-15 00:14:00,Tirunelveli,Idli,1,814.22
512,2025-01-01 21:24:00,Tirunelveli,Noodles,3,195.88
513,2025-05-16 07:26:00,Chennai,Dosa,2,639.51
514,2025-01-24 01:58:00,Salem,Pizza,4,631.62
515,2025-04-06 14:47:00,Chennai,Biryani,5,217.47
516,2025-04-11 02:37:00,Trichy,Idli,2,292.84
517,2025-03-08 10:59:00,Tirunelveli,Parotta,3,352.18
518,2025-03-11 07:04:00,Coimbatore,Pasta,5,199.55
519,2025-01-28 05:28:00,Trichy,Dosa,1,511.22
520,2025-02-23 14:19:00,Chennai,Dosa,1,235.06
521,2025-06-25 09:52:00,Salem,Fried Rice,1,276.97
522,2025-03-25 04:05:00,Madurai,Fried Rice,4,494.83
523,2025-06-23 09:16:00,Coimbatore,Noodles,1,815.03
524,2025-04-26 17:47:00,Chennai,Idli,4,194.39
525,2025-02-05 03:00:00,Coimbatore,Biryani,2,264.64
526,2025-04-13 11:43:00,Tirunelveli,Fried Rice,1,545.1
527,2025-03-08 02:01:00,Coimbatore,Pasta,4,710.79
528,2025-01-24 10:07:00,Trichy,Biryani,1,242.63
529,2025-05-27 13:52:00,Trichy,Parotta,1,399.39
530,2025-04-20 05:22:00,Coimbatore,Pizza,3,324.29
531,2025-02-08 01:39:00,Coimbatore,Idli,3,484.19
532,2025-05-21 15:03:00,Trichy,Biryani,2,426.04
533,2025-06-14 16:15:00,Salem,Fried Rice,1,842.26
534,2025-04-02 15:34:00,Madurai,Parotta,5,486.75
535,2025-04-10 08:11:00,Salem,Biryani,2,141.39
536,2025-03-13 01:51:00,Salem,Pasta,3,679.79
537,2025-03-01 05:06:00,Coimbatore,Pizza,3,509.59
538,2025-01-15 07:36:00,Trichy,Noodles,3,802.7
539,2025-02-14 05:15:00,Tirunelveli,Idli,3,787.21
540,2025-01-08 22:44:00,Salem,Burger,5,223.73
541,2025-02-18 15:34:00,Trichy,Pizza,1,185.89
542,2025-03-01 19:14:00,Trichy,Biryani,1,362.17
543,2025-06-07 06:51:00,Tirunelveli,Biryani,2,790.71
544,2025-03-24 01:01:00,Tirunelveli,Biryani,2,685.29
545,2025-05-15 11:04:00,Tirunelveli,Burger,4,547.79
546,2025-03-28 09:20:00,Coimbatore,Biryani,4,698.05
547,2025-05-05 20:20:00,Salem,Biryani,5,694.5
548,2025-02-27 21:37:00,Trichy,Noodles,3,655.82
549,2025-03-17 04:11:00,Tirunelveli,Parotta,5,405.87
550,2025-05-26 01:11:00,Salem,Idli,2,586.94
551,2025-01-27 15:09:00,Chennai,Burger,2,373.17
552,2025-03-23 05:40:00,Chennai,Sandwich,3,446.04
553,2025-03-09 06:15:00,Madurai,Fried Rice,3,694.52
554,2025-01-01 01:24:00,Trichy,Burger,2,765.72
555,2025-05-07 12:22:00,Chennai,Idli,4,695.77
556,2025-05-28 20:48:00,Coimbatore,Fried Rice,4,173.81
557,2025-01-09 09:01:00,Chennai,Pizza,1,369.52
558,2025-04-07 05:46:00,Chennai,Biryani,3,553.64
559,2025-06-07 15:45:00,Tirunelveli,Biryani,2,563.34
560,2025-04-22 05:03:00,Coimbatore,Biryani,2,418.77
561,2025-05-22 23:59:00,Madurai,Parotta,3,337.1
562,2025-01-25 01:25:00,Trichy,Idli,2,159.79
563,2025-01-01 13:05:00,Tirunelveli,Pizza,5,470.64
564,2025-01-25 00:13:00,Madurai,Biryani,1,465.71
565,2025-01-30 09:50:00,Trichy,Burger,3,186.53
566,2025-05-20 12:11:00,Trichy,Burger,3,256.21
567,2025-01-12 08:28:00,Coimbatore,Dosa,3,531.9
568,2025-02-08 22:42:00,Tirunelveli,Biryani,3,709.97
569,2025-04-16 18:14:00,Trichy,Idli,5,425.6
570,2025-05-18 21:55:00,Salem,Sandwich,2,467.67
571,2025-01-21 12:57:00,Chennai,Noodles,5,536.99
572,2025-05-13 18:43:00,Coimbatore,Pasta,1,812.96
573,2025-04-25 05:10:00,Coimbatore,Pasta,2,151.15
574,2025-01-21 21:27:00,Tirunelveli,Pizza,2,728.9
575,2025-03-08 10:58:00,Chennai,Parotta,1,403.31
576,2025-04-12 17:20:00,Salem,Noodles,4,789.53
577,2025-01-04 22:39:00,Trichy,Idli,1,422.54
578,2025-02-07 18:37:00,Chennai,Idli,1,530.76
579,2025-01-26 09:55:00,Madurai,Dosa,4,312.82
580,2025-06-17 15:36:00,Chennai,Idli,2,321.05
581,2025-02-06 19:38:00,Trichy,Fried Rice,1,408.93
582,2025-03-26 22:15:00,Trichy,Biryani,3,774.83
583,2025-01-06 10:52:00,Madurai,Parotta,3,735.28
584,2025-06-28 21:06:00,Coimbatore,Pasta,2,339.35
585,2025-04-24 10:17:00,Salem,Parotta,1,257.19
586,2025-02-24 13:47:00,Salem,Dosa,3,719.34
587,2025-05-12 05:04:00,Salem,Pizza,4,219.02
588,2025-05-15 18:01:00,Coimbatore,Biryani,1,302.13
589,2025-04-27 01:58:00,Coimbatore,Burger,3,388.9
590,2025-04-29 16:25:00,Chennai,Fried Rice,1,296.61
591,2025-05-06 19:28:00,Trichy,Biryani,5,522.47
592,2025-03-30 05:53:00,Tirunelveli,Sandwich,1,328.1
593,2025-04-09 01:10:00,Coimbatore,Noodles,2,592.59
594,2025-06-23 06:17:00,Salem,Fried Rice,1,751.18
595,2025-06-24 00:30:00,Tirunelveli,Sandwich,2,558.83
596,2025-01-03 07:16:00,Madurai,Idli,3,429.38
597,2025-04-07 11:29:00,Trichy,Pizza,3,614.35
598,2025-06-09 12:37:00,Salem,Biryani,3,529.86
599,2025-06-02 19:18:00,Chennai,Pizza,4,166.6
600,2025-03-12 20:20:00,Madurai,Noodles,3,257.5
601,2025-05-13 07:57:00,Salem,Biryani,4,602.19
602,2025-06-24 04:46:00,Trichy,Biryani,3,309.38
603,2025-04-18 12:24:00,Salem,Parotta,5,715.69
604,2025-03-29 23:45:00,Salem,Pizza,4,781.76
605,2025-06-21 11:32:00,Coimbatore,Pizza,5,252.23
606,2025-01-25 15:08:00,Tirunelveli,Parotta,5,676.93
607,2025-02-16 21:57:00,Chennai,Burger,2,379.36
608,2025-03-20 13:50:00,Madurai,Sandwich,3,547.47
609,2025-04-29 03:30:00,Tirunelveli,Biryani,5,543.63
610,2025-06-08 02:30:00,Salem,Sandwich,1,753.27
611,2025-04-08 16:19:00,Coimbatore,Burger,2,844.41
612,2025-03-29 13:36:00,Trichy,Sandwich,2,350.96
613,2025-02-16 02:31:00,Coimbatore,Burger,3,583.18
614,2025-01-02 14:17:00,Coimbatore,Pizza,5,678.07
615,2025-05-06 02:08:00,Tirunelveli,Idli,4,414.48
616,2025-05-03 12:00:00,Coimbatore,Biryani,3,813.55
617,2025-03-24 16:12:00,Chennai,Biryani,2,285.17
618,2025-03-30 09:08:00,Salem,Biryani,5,343.46
619,2025-01-17 01:19:00,Trichy,Pasta,5,555.35
620,2025-03-28 13:56:00,Coimbatore,Fried Rice,3,847.18
621,2025-05-06 11:48:00,Trichy,Pizza,1,286.75
622,2025-02-03 06:46:00,Salem,Biryani,2,209.91
623,2025-06-16 01:24:00,Madurai,Noodles,5,574.89
624,2025-06-02 01:42:00,Chennai,Biryani,1,623.52
625,2025-04-17 14:24:00,Madurai,Biryani,4,632.36
626,2025-02-22 22:43:00,Madurai,Fried Rice,4,603.02
627,2025-06-19 16:17:00,Tirunelveli,Fried Rice,2,425.74
628,2025-01-27 16:46:00,Madurai,Idli,1,692.87
629,2025-05-08 06:38:00,Madurai,Pizza,5,830.38
630,2025-04-02 22:26:00,Chennai,Pizza,5,482.34
631,2025-02-23 22:59:00,Coimbatore,Dosa,1,129.31
632,2025-01-23 03:53:00,Trichy,Idli,2,813.1
633,2025-05-11 02:46:00,Madurai,Parotta,2,453.43
634,2025-03-17 08:29:00,Coimbatore,Biryani,1,742.14
635,2025-04-03 21:20:00,Chennai,Burger,1,741.41
636,2025-01-12 00:54:00,Tirunelveli,Biryani,2,359.92
637,2025-04-23 19:17:00,Chennai,Noodles,3,714.92
638,2025-02-16 03:25:00,Trichy,Burger,3,730.07
639,2025-06-26 15:51:00,Coimbatore,Burger,1,216.73
640,2025-01-16 05:06:00,Salem,Burger,4,705.65
641,2025-06-23 14:11:00,Madurai,Idli,5,141.04
642,2025-06-25 23:57:00,Trichy,Biryani,1,767.94
643,2025-04-23 01:04:00,Madurai,Pizza,1,634.33
644,2025-06-23 16:49:00,Tirunelveli,Parotta,5,283.51
645,2025-06-21 10:33:00,Tirunelveli,Dosa,5,189.53
646,2025-06-19 23:15:00,Tirunelveli,Dosa,4,228.52
647,2025-05-23 19:03:00,Coimbatore,Biryani,5,739.66
648,2025-05-07 05:04:00,Madurai,Parotta,2,361.55
649,2025-03-13 01:32:00,Tirunelveli,Pizza,4,414.39
650,2025-03-02 02:29:00,Salem,Dosa,4,184.25
651,2025-05-08 14:20:00,Trichy,Biryani,1,194.93
652,2025-04-16 01:35:00,Chennai,Idli,5,823.12
653,2025-06-13 09:56:00,Coimbatore,Dosa,4,813.76
654,2025-04-04 01:52:00,Trichy,Pizza,3,528.91
655,2025-06-08 19:30:00,Madurai,Fried Rice,4,203.24
656,2025-06-18 07:00:00,Tirunelveli,Burger,3,519.81
657,2025-04-06 22:06:00,Coimbatore,Biryani,4,222.53
658,2025-04-15 03:16:00,Coimbatore,Idli,1,799.06
659,2025-04-11 06:29:00,Coimbatore,Noodles,3,198.67
660,2025-04-17 01:59:00,Tirunelveli,Fried Rice,5,209.95
661,2025-04-26 14:42:00,Salem,Idli,2,823.61
662,2025-01-02 16:47:00,Trichy,Biryani,5,472.54
663,2025-05-11 05:44:00,Tirunelveli,Idli,2,195.59
664,2025-06-18 19:38:00,Salem,Sandwich,4,425.63
665,2025-06-05 22:48:00,Trichy,Pizza,3,828.46
666,2025-04-26 04:08:00,Tirunelveli,Burger,5,338.21
667,2025-06-29 17:55:00,Tirunelveli,Pizza,5,581.79
668,2025-02-21 06:39:00,Tirunelveli,Fried Rice,3,792.47
669,2025-02-03 22:41:00,Coimbatore,Pasta,5,516.02
670,2025-06-13 10:45:00,Madurai,Biryani,5,470.67
671,2025-05-27 21:45:00,Tirunelveli,Burger,5,328.73
672,2025-04-19 00:33:00,Trichy,Biryani,2,158.74
673,2025-01-15 06:17:00,Coimbatore,Parotta,3,618.87
674,2025-02-07 01:44:00,Coimbatore,Parotta,5,143.58
675,2025-04-26 03:39:00,Tirunelveli,Noodles,5,751.33
676,2025-06-15 17:24:00,Tirunelveli,Pizza,3,625.84
677,2025-01-13 12:24:00,Tirunelveli,Burger,3,825.06
678,2025-01-14 00:47:00,Salem,Pizza,4,725.89
679,2025-06-12 22:45:00,Salem,Fried Rice,5,659.07
680,2025-02-20 23:12:00,Coimbatore,Pizza,1,256.49
681,2025-02-14 23:32:00,Chennai,Biryani,4,323.75
682,2025-03-09 04:10:00,Madurai,Idli,1,361.31
683,2025-02-09 01:09:00,Salem,Sandwich,1,684.77
684,2025-06-10 19:53:00,Trichy,Fried Rice,5,521.62
685,2025-01-19 22:20:00,Coimbatore,Dosa,5,169.77
686,2025-05-10 05:26:00,Trichy,Idli,1,375.06
687,2025-02-24 21:21:00,Madurai,Burger,2,813.73
688,2025-06-08 16:30:00,Tirunelveli,Pasta,1,203.75
689,2025-03-30 14:15:00,Salem,Sandwich,5,297.99
690,2025-01-11 21:56:00,Chennai,Burger,4,307.31
691,2025-03-14 00:58:00,Madurai,Dosa,5,706.06
692,2025-04-25 15:02:00,Tirunelveli,Pizza,2,353.83
693,2025-01-22 03:10:00,Salem,Pasta,5,125.35
694,2025-01-17 06:42:00,Coimbatore,Fried Rice,4,730.04
695,2025-02-22 17:53:00,Tirunelveli,Fried Rice,4,591.99
696,2025-01-19 23:43:00,Trichy,Biryani,3,147.66
697,2025-01-19 01:11:00,Salem,Parotta,1,539.72
698,2025-02-28 08:26:00,Tirunelveli,Burger,4,436.11
699,2025-01-05 12:43:00,Chennai,Biryani,5,166.16
700,2025-05-30 01:44:00,Madurai,Noodles,5,197.48
701,2025-06-25 09:38:00,Trichy,Biryani,4,408.43
702,2025-06-19 00:30:00,Coimbatore,Biryani,2,665.13
703,2025-05-20 09:40:00,Tirunelveli,Biryani,3,818.9
704,2025-01-03 17:55:00,Chennai,Idli,1,123.67
705,2025-06-02 12:34:00,Chennai,Idli,3,273.34
706,2025-03-30 06:26:00,Salem,Sandwich,2,237.5
707,2025-02-26 19:53:00,Chennai,Pizza,2,609.81
708,2025-05-26 01:54:00,Salem,Parotta,4,590.61
709,2025-01-19 09:42:00,Chennai,Biryani,2,649.68
710,2025-05-05 10:22:00,Tirunelveli,Biryani,2,193.03
711,2025-06-08 02:57:00,Trichy,Pizza,4,359.69
712,2025-06-18 09:44:00,Salem,Idli,5,386.08
713,2025-03-22 13:10:00,Coimbatore,Biryani,2,639.91
714,2025-06-14 13:17:00,Coimbatore,Noodles,3,760.86
715,2025-04-29 14:22:00,Trichy,Parotta,5,199.45
716,2025-06-15 19:05:00,Coimbatore,Noodles,5,263.4
717,2025-06-10 02:46:00,Chennai,Biryani,5,581.09
718,2025-05-29 18:25:00,Coimbatore,Parotta,1,522.66
719,2025-05-20 17:30:00,Coimbatore,Fried Rice,3,406.52
720,2025-05-31 23:54:00,Trichy,Pizza,5,492.6
721,2025-04-12 11:32:00,Coimbatore,Biryani,5,619.44
722,2025-05-12 04:28:00,Salem,Biryani,5,601.37
723,2025-02-07 23:46:00,Madurai,Dosa,1,279.74
724,2025-05-05 07:04:00,Coimbatore,Pizza,1,608.07
725,2025-05-13 11:24:00,Trichy,Dosa,1,149.13
726,2025-06-16 10:06:00,Salem,Fried Rice,3,729.46
727,2025-03-09 18:34:00,Trichy,Idli,4,386.67
728,2025-06-17 02:33:00,Coimbatore,Pizza,5,416.26
729,2025-03-30 15:50:00,Salem,Dosa,1,486.34
730,2025-02-05 14:10:00,Salem,Pizza,3,274.41
731,2025-02-17 05:23:00,Chennai,Idli,2,422.67
732,2025-03-26 23:07:00,Trichy,Dosa,4,273.81
733,2025-02-11 20:53:00,Coimbatore,Burger,1,213.36
734,2025-06-01 05:08:00,Chennai,Fried Rice,5,227.21
735,2025-02-12 08:59:00,Trichy,Pizza,5,827.55
736,2025-06-13 00:56:00,Tirunelveli,Fried Rice,3,811.5
737,2025-02-25 14:38:00,Trichy,Pasta,2,280.14
738,2025-04-16 19:09:00,Coimbatore,Parotta,5,601.54
739,2025-03-09 05:46:00,Trichy,Fried Rice,5,551.14
740,2025-02-28 12:24:00,Chennai,Biryani,2,501.58
741,2025-05-10 21:26:00,Salem,Noodles,1,249.52
742,2025-06-07 19:02:00,Salem,Noodles,5,669.24
743,2025-01-24 15:42:00,Salem,Biryani,5,724.09
744,2025-06-23 20:27:00,Madurai,Dosa,1,629.28
745,2025-04-20 07:51:00,Trichy,Dosa,3,550.01
746,2025-06-28 18:06:00,Madurai,Burger,4,679.08
747,2025-01-22 09:38:00,Trichy,Noodles,3,257.99
748,2025-01-02 18:33:00,Chennai,Biryani,4,597.82
749,2025-06-26 10:26:00,Coimbatore,Burger,4,595.65
750,2025-03-06 08:54:00,Salem,Dosa,3,566.67
751,2025-06-24 12:48:00,Salem,Pizza,5,472.2
752,2025-04-05 17:35:00,Madurai,Dosa,5,371.38
753,2025-06-30 12:47:00,Tirunelveli,Biryani,1,665.9
754,2025-04-25 22:10:00,Salem,Biryani,4,693.84
755,2025-05-21 19:44:00,Chennai,Fried Rice,2,404.05
756,2025-06-12 00:51:00,Coimbatore,Biryani,4,795.88
757,2025-04-22 02:04:00,Madurai,Pizza,1,564.59
758,2025-04-09 12:39:00,Madurai,Fried Rice,5,161.95
759,2025-02-14 20:31:00,Coimbatore,Burger,5,328.78
760,2025-01-09 19:32:00,Coimbatore,Dosa,5,243.72
761,2025-01-10 11:15:00,Coimbatore,Fried Rice,1,847.68
762,2025-04-13 11:42:00,Salem,Burger,2,497.95
763,2025-06-30 02:58:00,Madurai,Biryani,5,787.96
764,2025-03-31 11:52:00,Salem,Pizza,2,451.97
765,2025-04-14 18:00:00,Trichy,Pizza,5,197.72
766,2025-01-19 16:18:00,Chennai,Burger,5,818.4
767,2025-05-18 18:16:00,Trichy,Fried Rice,5,473.05
768,2025-03-04 10:49:00,Trichy,Dosa,5,749.28
769,2025-05-04 03:16:00,Tirunelveli,Biryani,2,614.15
770,2025-02-28 10:26:00,Salem,Pasta,5,127.1
771,2025-03-09 07:18:00,Tirunelveli,Biryani,3,175.5
772,2025-02-15 15:20:00,Salem,Burger,3,253.43
773,2025-06-24 06:31:00,Coimbatore,Parotta,2,757.1
774,2025-02-22 07:12:00,Salem,Noodles,3,233.88
775,2025-01-28 03:58:00,Tirunelveli,Biryani,4,568.09
776,2025-05-19 01:54:00,Salem,Dosa,3,479.41
777,2025-05-28 08:31:00,Salem,Pizza,3,410.45
778,2025-05-28 04:03:00,Trichy,Dosa,4,805.95
779,2025-01-09 16:22:00,Tirunelveli,Burger,2,453.75
780,2025-01-31 22:33:00,Tirunelveli,Dosa,1,128.63
781,2025-02-23 12:37:00,Madurai,Biryani,5,749.14
782,2025-02-17 17:16:00,Trichy,Pizza,5,370.46
783,2025-02-17 15:27:00,Tirunelveli,Pizza,3,386.51
784,2025-04-13 08:28:00,Coimbatore,Biryani,5,620.79
785,2025-01-26 23:17:00,Salem,Parotta,4,745.11
786,2025-02-20 04:51:00,Coimbatore,Pasta,4,708.14
787,2025-02-15 13:31:00,Tirunelveli,Biryani,5,509.81
788,2025-03-22 15:19:00,Salem,Pizza,1,410.83
789,2025-06-26 05:03:00,Madurai,Pizza,4,732.45
790,2025-01-25 14:47:00,Madurai,Burger,3,529.06
791,2025-03-07 11:01:00,Madurai,Burger,5,265.24
792,2025-05-28 20:41:00,Madurai,Dosa,3,357.32
793,2025-05-11 15:49:00,Chennai,Parotta,4,567.97
794,2025-04-29 20:09:00,Tirunelveli,Noodles,3,427.93
795,2025-06-06 18:25:00,Chennai,Noodles,1,238.26
796,2025-02-28 10:20:00,Tirunelveli,Fried Rice,3,561.93
797,2025-04-12 08:56:00,Madurai,Dosa,5,500.28
798,2025-04-26 13:10:00,Chennai,Pizza,2,651.27
799,2025-06-19 08:47:00,Chennai,Fried Rice,2,241.84
800,2025-01-27 03:04:00,Trichy,Sandwich,5,159.29
801,2025-04-12 16:48:00,Chennai,Pasta,3,571.21
802,2025-01-22 20:59:00,Madurai,Sandwich,2,300.6
803,2025-03-14 14:40:00,Salem,Biryani,2,140.86
804,2025-06-19 11:55:00,Trichy,Sandwich,4,831.74
805,2025-05-19 08:35:00,Tirunelveli,Dosa,5,249.24
806,2025-06-02 14:40:00,Salem,Parotta,4,502.13
807,2025-06-13 17:19:00,Trichy,Sandwich,5,285.8
808,2025-01-23 14:19:00,Madurai,Burger,2,341.61
809,2025-01-01 16:52:00,Coimbatore,Parotta,3,329.34
810,2025-05-17 00:44:00,Trichy,Sandwich,3,126.67
811,2025-04-21 09:38:00,Chennai,Pizza,5,392.76
812,2025-04-16 17:27:00,Coimbatore,Burger,4,724.75
813,2025-02-26 08:05:00,Coimbatore,Burger,5,678.11
814,2025-06-06 22:43:00,Tirunelveli,Pizza,5,710.43
815,2025-04-16 06:54:00,Coimbatore,Biryani,3,200.56
816,2025-04-27 19:28:00,Salem,Pizza,4,257.09
817,2025-01-05 04:03:00,Chennai,Pasta,2,829.8
818,2025-03-14 08:08:00,Tirunelveli,Fried Rice,1,289.95
819,2025-02-08 00:31:00,Trichy,Pizza,3,693.58
820,2025-05-08 11:29:00,Chennai,Fried Rice,3,178.56
821,2025-02-07 01:17:00,Chennai,Parotta,5,463.21
822,2025-02-19 08:52:00,Chennai,Burger,1,831.46
823,2025-03-05 12:49:00,Coimbatore,Pasta,1,265.4
824,2025-01-25 16:42:00,Trichy,Pasta,4,617.45
825,2025-03-21 10:10:00,Chennai,Fried Rice,5,500.28
826,2025-03-06 15:40:00,Madurai,Pizza,1,750.47
827,2025-02-25 03:15:00,Madurai,Fried Rice,1,242.17
828,2025-03-12 18:07:00,Coimbatore,Burger,1,827.25
829,2025-05-29 22:30:00,Coimbatore,Fried Rice,3,682.68
830,2025-03-05 05:31:00,Salem,Biryani,3,799.52
831,2025-06-10 01:03:00,Coimbatore,Burger,5,697.77
832,2025-02-02 15:14:00,Salem,Pizza,3,708.03
833,2025-04-23 23:12:00,Trichy,Biryani,3,648.81
834,2025-03-06 01:31:00,Salem,Fried Rice,3,516.2
835,2025-05-06 06:36:00,Madurai,Pizza,3,654.65
836,2025-03-12 19:58:00,Coimbatore,Noodles,1,507.73
837,2025-04-26 09:52:00,Madurai,Pizza,4,120.53
838,2025-06-13 16:24:00,Chennai,Parotta,5,745.49
839,2025-06-08 07:20:00,Tirunelveli,Parotta,5,717.91
840,2025-02-18 16:43:00,Salem,Dosa,2,567.52
841,2025-03-24 13:41:00,Chennai,Burger,5,600.99
842,2025-01-12 04:11:00,Coimbatore,Noodles,1,474.32
843,2025-01-26 01:36:00,Trichy,Fried Rice,4,503.85
844,2025-06-29 18:16:00,Coimbatore,Biryani,5,644.03
845,2025-01-04 06:41:00,Chennai,Dosa,4,704.74
846,2025-01-16 11:35:00,Trichy,Parotta,3,699.8
847,2025-01-15 19:17:00,Tirunelveli,Dosa,1,729.15
848,2025-01-20 06:33:00,Tirunelveli,Biryani,2,508.11
849,2025-02-18 06:33:00,Salem,Fried Rice,2,527.65
850,2025-05-23 13:47:00,Tirunelveli,Biryani,5,381.31
851,2025-04-28 22:42:00,Chennai,Burger,2,698.5
852,2025-05-21 12:32:00,Coimbatore,Burger,5,848.86
853,2025-04-24 11:57:00,Madurai,Pizza,3,421.01
854,2025-06-12 13:52:00,Salem,Parotta,2,531.1
855,2025-02-24 12:49:00,Tirunelveli,Idli,3,382.81
856,2025-04-26 14:25:00,Chennai,Biryani,3,554.91
857,2025-05-13 04:56:00,Madurai,Pizza,2,276.82
858,2025-03-22 00:49:00,Tirunelveli,Noodles,3,790.95
859,2025-05-11 17:36:00,Coimbatore,Sandwich,1,147.55
860,2025-04-02 04:08:00,Salem,Pizza,2,290.09
861,2025-03-18 02:36:00,Coimbatore,Burger,1,648.21
862,2025-05-04 05:31:00,Tirunelveli,Noodles,5,718.25
863,2025-01-25 19:41:00,Tirunelveli,Pizza,5,398.53
864,2025-01-15 10:22:00,Trichy,Noodles,4,799.08
865,2025-01-31 07:47:00,Salem,Fried Rice,1,582.74
866,2025-06-11 12:03:00,Chennai,Pizza,3,514.15
867,2025-02-08 10:32:00,Coimbatore,Fried Rice,1,611.75
868,2025-04-11 14:48:00,Salem,Idli,1,282.12
869,2025-03-16 12:09:00,Chennai,Biryani,4,537.15
870,2025-01-13 17:25:00,Trichy,Pizza,5,437.18
871,2025-06-28 04:48:00,Salem,Biryani,2,476.14
872,2025-06-16 18:12:00,Tirunelveli,Idli,5,299.76
873,2025-01-19 08:49:00,Tirunelveli,Burger,5,185.4
874,2025-06-21 13:27:00,Coimbatore,Burger,3,371.5
875,2025-06-17 00:49:00,Madurai,Pizza,5,719.76
876,2025-04-24 19:09:00,Coimbatore,Dosa,2,620.31
877,2025-02-09 23:54:00,Tirunelveli,Biryani,1,297.43
878,2025-06-08 04:55:00,Madurai,Noodles,1,370.59
879,2025-01-29 09:28:00,Madurai,Dosa,2,660.21
880,2025-02-24 06:34:00,Madurai,Dosa,5,472.61
881,2025-02-06 22:44:00,Trichy,Fried Rice,5,781.41
882,2025-05-15 01:16:00,Madurai,Biryani,2,696.11
883,2025-06-08 08:03:00,Chennai,Dosa,1,403.71
884,2025-03-11 21:54:00,Madurai,Sandwich,1,133.93
885,2025-06-16 12:14:00,Salem,Pasta,1,779.83
886,2025-05-05 19:34:00,Coimbatore,Biryani,5,825.76
887,2025-05-24 22:01:00,Salem,Biryani,3,363.51
888,2025-04-11 23:10:00,Tirunelveli,Biryani,3,379.43
889,2025-03-19 07:32:00,Chennai,Pizza,3,761.43
890,2025-01-08 17:17:00,Madurai,Pizza,4,599.56
891,2025-01-23 23:24:00,Tirunelveli,Dosa,5,757.07
892,2025-06-25 07:26:00,Coimbatore,Pizza,4,828.49
893,2025-06-04 10:28:00,Coimbatore,Idli,2,544.15
894,2025-06-25 06:55:00,Tirunelveli,Biryani,5,783.98
895,2025-04-21 04:41:00,Coimbatore,Sandwich,3,169.5
896,2025-05-17 23:07:00,Coimbatore,Pizza,1,678.77
897,2025-04-16 13:19:00,Tirunelveli,Dosa,3,230.93
898,2025-02-18 03:08:00,Salem,Pizza,5,314.81
899,2025-05-26 19:14:00,Coimbatore,Idli,1,382.26
900,2025-06-26 15:08:00,Salem,Dosa,4,639.77
901,2025-04-06 05:54:00,Trichy,Burger,2,239.56
902,2025-02-27 01:26:00,Chennai,Parotta,3,813.64
903,2025-02-26 23:42:00,Coimbatore,Pasta,1,249.27
904,2025-04-23 19:31:00,Trichy,Fried Rice,2,432.12
905,2025-01-11 19:47:00,Tirunelveli,Noodles,3,407.73
906,2025-05-27 19:34:00,Tirunelveli,Dosa,1,500.07
907,2025-04-26 14:52:00,Coimbatore,Noodles,5,512.64
908,2025-01-11 17:24:00,Tirunelveli,Dosa,1,258.59
909,2025-04-23 12:56:00,Madurai,Pizza,4,241.54
910,2025-03-17 19:58:00,Salem,Biryani,2,458.41
911,2025-06-15 14:05:00,Chennai,Parotta,2,688.47
912,2025-06-28 17:08:00,Madurai,Burger,4,138.19
913,2025-04-27 18:57:00,Coimbatore,Fried Rice,4,185.83
914,2025-03-24 22:41:00,Coimbatore,Sandwich,1,186.57
915,2025-06-30 14:40:00,Salem,Burger,4,650.62
916,2025-05-11 19:10:00,Trichy,Burger,1,680.83
917,2025-03-27 18:55:00,Coimbatore,Fried Rice,2,754.24
918,2025-02-15 22:03:00,Madurai,Burger,4,330.81
919,2025-02-16 03:57:00,Coimbatore,Biryani,1,574.47
920,2025-03-06 00:29:00,Trichy,Dosa,5,709.44
921,2025-06-05 15:15:00,Tirunelveli,Pizza,4,451.23
922,2025-04-24 02:38:00,Coimbatore,Idli,5,323.02
923,2025-06-10 17:52:00,Chennai,Noodles,2,228.23
924,2025-06-17 11:02:00,Chennai,Biryani,5,731.75
925,2025-03-18 10:58:00,Chennai,Biryani,4,845.43
926,2025-02-11 21:18:00,Tirunelveli,Idli,5,537.77
927,2025-05-24 05:29:00,Madurai,Parotta,1,187.98
928,2025-03-18 10:23:00,Chennai,Sandwich,4,735.62
929,2025-01-17 09:30:00,Tirunelveli,Biryani,3,360.32
930,2025-04-16 16:13:00,Salem,Fried Rice,1,199.79
931,2025-06-11 16:05:00,Tirunelveli,Dosa,5,801.74
932,2025-06-30 09:27:00,Madurai,Idli,3,503.54
933,2025-06-09 11:59:00,Salem,Biryani,4,499.39
934,2025-06-11 15:31:00,Salem,Parotta,2,637.27
935,2025-02-19 00:07:00,Tirunelveli,Biryani,1,658.35
936,2025-02-23 19:26:00,Madurai,Burger,3,529.1
937,2025-06-13 06:00:00,Tirunelveli,Fried Rice,3,305.72
938,2025-01-18 09:19:00,Madurai,Dosa,1,203.1
939,2025-03-27 10:25:00,Salem,Parotta,1,727.39
940,2025-02-19 10:53:00,Tirunelveli,Burger,4,788.8
941,2025-01-10 20:08:00,Tirunelveli,Dosa,4,771.2
942,2025-05-18 10:29:00,Trichy,Parotta,1,729.63
943,2025-03-18 18:46:00,Salem,Fried Rice,5,133.66
944,2025-05-28 21:21:00,Madurai,Parotta,1,827.82
945,2025-03-13 00:21:00,Tirunelveli,Pasta,5,734.96
946,2025-05-27 19:24:00,Chennai,Pizza,3,634.84
947,2025-03-22 22:02:00,Chennai,Pizza,4,760.25
948,2025-04-06 14:53:00,Coimbatore,Pasta,5,340.69
949,2025-01-29 11:50:00,Coimbatore,Biryani,1,443.96
950,2025-01-07 15:57:00,Coimbatore,Dosa,3,794.25
951,2025-05-15 09:49:00,Chennai,Burger,5,614.0
952,2025-02-03 06:46:00,Trichy,Biryani,5,204.56
953,2025-03-21 01:43:00,Chennai,Noodles,3,460.82
954,2025-01-12 03:33:00,Tirunelveli,Parotta,3,136.41
955,2025-03-21 20:57:00,Coimbatore,Pizza,2,329.19
956,2025-05-17 10:49:00,Chennai,Dosa,3,229.0
957,2025-03-12 03:00:00,Salem,Pasta,5,194.73
958,2025-05-19 11:35:00,Coimbatore,Pizza,3,539.08
959,2025-02-13 02:19:00,Madurai,Idli,5,443.86
960,2025-02-03 00:30:00,Chennai,Sandwich,1,400.03
961,2025-01-23 13:25:00,Salem,Biryani,5,579.51
962,2025-06-26 22:28:00,Madurai,Idli,3,716.73
963,2025-06-21 17:05:00,Trichy,Pasta,5,216.21
964,2025-06-28 14:06:00,Tirunelveli,Dosa,4,463.5
965,2025-02-27 04:55:00,Madurai,Sandwich,3,406.22
966,2025-06-29 21:21:00,Madurai,Parotta,4,475.88
967,2025-01-17 15:07:00,Trichy,Burger,2,326.05
968,2025-03-31 19:36:00,Chennai,Biryani,4,716.81
969,2025-01-28 10:35:00,Madurai,Fried Rice,5,456.51
970,2025-06-01 13:15:00,Salem,Fried Rice,2,830.94
971,2025-04-09 02:21:00,Tirunelveli,Pizza,5,434.74
972,2025-04-22 18:50:00,Tirunelveli,Burger,2,246.35
973,2025-06-21 02:47:00,Salem,Sandwich,4,203.46
974,2025-06-02 14:20:00,Trichy,Idli,2,344.87
975,2025-04-14 02:38:00,Salem,Biryani,4,359.01
976,2025-06-15 21:03:00,Coimbatore,Biryani,5,779.38
977,2025-06-12 00:48:00,Coimbatore,Biryani,4,507.82
978,2025-04-10 19:36:00,Coimbatore,Dosa,3,338.81
979,2025-06-23 09:58:00,Trichy,Pasta,3,842.91
980,2025-05-30 00:39:00,Trichy,Pasta,2,742.33
981,2025-01-16 11:57:00,Chennai,Idli,1,633.45
982,2025-04-02 03:55:00,Chennai,Pizza,2,435.15
983,2025-06-01 12:40:00,Trichy,Pizza,4,398.54
984,2025-05-20 06:42:00,Coimbatore,Biryani,2,525.46
985,2025-04-03 13:09:00,Tirunelveli,Pizza,2,218.02
986,2025-01-19 20:01:00,Trichy,Biryani,4,831.73
987,2025-02-04 02:08:00,Trichy,Fried Rice,4,772.32
988,2025-06-28 19:59:00,Coimbatore,Burger,4,491.87
989,2025-05-22 14:24:00,Coimbatore,Burger,4,561.34
990,2025-05-28 15:54:00,Tirunelveli,Parotta,5,316.55
991,2025-05-20 18:23:00,Chennai,Biryani,5,472.79
992,2025-04-05 03:37:00,Tirunelveli,Dosa,1,223.72
993,2025-05-15 08:29:00,Salem,Dosa,5,184.57
994,2025-05-01 20:47:00,Tirunelveli,Fried Rice,1,619.37
995,2025-05-19 18:19:00,Madurai,Idli,5,688.32
996,2025-05-01 14:32:00,Salem,Sandwich,3,427.34
997,2025-03-17 09:10:00,Salem,Biryani,3,650.69
998,2025-05-25 08:03:00,Salem,Fried Rice,2,538.19
999,2025-06-18 09:51:00,Chennai,Parotta,3,473.87
1000,2025-02-02 16:04:00,Madurai,Noodles,3,216.75
